DATE,ID,NAME,IN,OUT,
,,,,,
2023-12-02,2,Motiur Rahman,9:00:00,17:00:00,
2023-12-03,2,Motiur Rahman,9:00:00,17:00:00,
2023-12-04,2,Motiur Rahman,9:00:00,17:00:00,
2023-12-05,2,Motiur Rahman,9:00:00,17:00:00,
2023-12-06,2,Motiur Rahman,9:00:00,17:00:00,
2023-12-07,2,Motiur Rahman,9:00:00,17:00:00,
,,,,,
2023-12-09,2,Motiur Rahman,9:00:00,17:00:00,
2023-12-10,2,Motiur Rahman,9:00:00,17:00:00,
2023-12-11,2,Motiur Rahman,9:00:00,17:00:00,
2023-12-12,2,Motiur Rahman,9:00:00,17:00:00,
2023-12-13,2,Motiur Rahman,9:00:00,17:00:00,
2023-12-14,2,Motiur Rahman,9:00:00,17:00:00,
,,,,,
2023-12-16,2,Motiur Rahman,9:00:00,17:00:00,
2023-12-17,2,Motiur Rahman,9:00:00,17:00:00,
2023-12-18,2,Motiur Rahman,9:00:00,17:00:00,
2023-12-19,2,Motiur Rahman,9:00:00,17:00:00,
2023-12-20,2,Motiur Rahman,9:00:00,17:00:00,
2023-12-21,2,Motiur Rahman,9:00:00,17:00:00,
,,,,,
2023-12-23,2,Motiur Rahman,9:00:00,17:00:00,
2023-12-24,2,Motiur Rahman,9:00:00,17:00:00,
2023-12-25,2,Motiur Rahman,9:00:00,17:00:00,
2023-12-26,2,Motiur Rahman,9:00:00,17:00:00,
2023-12-27,2,Motiur Rahman,9:00:00,17:00:00,
2023-12-28,2,Motiur Rahman,9:00:00,17:00:00,
,,,,,
2023-12-30,2,Motiur Rahman,9:00:00,17:00:00,
2023-12-31,2,Motiur Rahman,9:00:00,17:00:00,
